Sport,Team,Captain,Players
Football,"Reign FC","Arham","Arham;Dishant;Harshil;Karan;Kavya;Niyam;Rachit;Sam;Vandan;Vraj;Yash"
Football,"Shadow Strikers","Arham","Arham;Devam;Herit;Jainish;Megh;Moksh;Parth;Utsav;Vishrut;Yash"
Football,"Super Strikers","Vatsal","Bhavy;Dev;Het;Kriyans;Lubhansh;Lucky;Manan;Pal;Saumya;Vatsal;Veer"
Football,"Vedant Blackfangs","Vedant","Aadi;Adil;Divy;Hitarth;Moksh;Nem;Pratham;Shasan;Shrey;Tanish;Vedant"
Cricket,"Boundary Breakers","Moksh","Aadi;Adil;Arham;Dishant;Lubhansh;Manan;Moksh;Pal;Shasan;Vatsal;Vedant;Vishrut"
Cricket,"Legendary Lions","Yash","Arham;Harshil;Karan;Kavya;Nem;Niyam;Parth;Pratham;Rishi;Yash"
Cricket,"Power Hitters","Het","Bhavy;Herit;Het;Lucky;Moksh;Rachit;Sam;Saumya;Shrey;Utsav;Vandan;Vraj"
Cricket,"Ronin XI","Tanish","Dev;Devam;Divy;Hitarth;Jainish;Kriyans;Megh;Parth;Tanish;Vedant;Veer"
Volleyball,"Jinu's Smashers","Saumya","Bhavy;Dev;Divy;Harshil;Hitarth;Manan;Megh;Saumya"
Volleyball,"Net Warriors","Arham","Arham;Dishant;Lubhansh;Nem;Utsav;Yash"
Volleyball,"Spike Warriors","Shrey","Adil;Herit;Het;Lucky;Rachit;Sam;Shrey"
Volleyball,"Vedant Spikers","Vedant","Jainish;Moksh;Niyam;Rishi;Tanish;Vedant;Veer"
Volleyball,"Vortex Aces","Pratham","Aadi;Arham;Devam;Pal;Parth;Pratham;Vandan;Yash"
Volleyball,"Vraj ke Veterans","Vraj","Karan;Kavya;Kriyans;Moksh;Parth;Vishrut;Vraj"
Hand Tennis,"Court Kings","Herit","Dev;Herit;Het;Kriyans;Lubhansh;Parth;Vishrut"
Hand Tennis,"G.C. Spikers","Lucky","Arham;Divy;Harshil;Lucky;Nem;Vatsal;Vraj"
Hand Tennis,"Hand Hitters","Devam","Aadi;Devam;Pal;Tanish;Vedant;Veer;Yash"
Hand Tennis,"Power Palm","Jainish","Adil;Arham;Bhavy;Dishant;Jainish;Rishi;Shasan;Yash"
Hand Tennis,"Shadow Spikers","Hitarth","Manan;Moksh;Niyam;Pratham;Rachit;Sam;Utsav;Hitarth"
Hand Tennis,"Shadow X","Karan","Kavya;Karan;Megh;Moksh;Saumya;Shrey;Vandan;Vedant"
LAN Games,"Apex Attackers","Sam","Arham;Bhavy;Dev;Devam;Dishant;Het;Karan;Kavya;Lucky;Sam;Shrey;Vedant"
LAN Games,"Frag Ninjas","Manan","Aadi;Adil;Herit;Hitarth;Jainish;Manan;Parth;Rishi;Saumya;Tanish;Vraj"
LAN Games,"K-Strike","Kriyans","Arham;Kriyans;Lubhansh;Moksh;Niyam;Pal;Parth;Utsav;Vandan;Vedant;Vishrut"
LAN Games,"Lagga's Legends","Yash","Divy;Harshil;Megh;Nem;Pratham;Rachit;Shasan;Vatsal;Veer;Yash"