"Sport","Team ID","Team","Captain","Initial Budget","Current Wallet","Player ID","Player","Position","Category","Base Price","Sale Amount","Sold At"
"Volleyball","13","Jinu's Smashers","Saumya","1500000","285000","53","Bhavy","Side Netty","A","5000","280000","2026-09-28 15:50:43"
"Volleyball","13","Jinu's Smashers","Saumya","1500000","285000","102","Dev","Back","A","5000","5000","2026-09-28 16:43:52"
"Volleyball","13","Jinu's Smashers","Saumya","1500000","285000","38","Divy","Back","A","5000","20000","2026-09-28 16:11:43"
"Volleyball","13","Jinu's Smashers","Saumya","1500000","285000","198","Harshil","Back","A","5000","300000","2026-09-28 16:54:57"
"Volleyball","13","Jinu's Smashers","Saumya","1500000","285000","99","Hitarth","Back","A","5000","5000","2026-09-28 16:29:29"
"Volleyball","13","Jinu's Smashers","Saumya","1500000","285000","63","Manan","Side Netty","A","5000","5000","2026-09-28 15:41:14"
"Volleyball","13","Jinu's Smashers","Saumya","1500000","285000","183","Megh","Setter (Netty)","A","5000","600000","2026-09-28 16:05:09"
"Volleyball","17","Net Warriors","Shashan","1500000","0","23","Arham","Back","A","5000","15000","2026-09-28 16:31:53"
"Volleyball","17","Net Warriors","Shashan","1500000","0","48","Dishant","Libero (Centty)","A","5000","620000","2026-09-28 16:49:35"
"Volleyball","17","Net Warriors","Shashan","1500000","0","228","Lubhansh","Back","A","5000","100000","2026-09-28 16:20:07"
"Volleyball","17","Net Warriors","Shashan","1500000","0","43","Nem","Side Netty","A","5000","90000","2026-09-28 15:37:37"
"Volleyball","17","Net Warriors","Shashan","1500000","0","120","Utsav","Back","A","5000","0","2026-09-28 16:59:58"
"Volleyball","17","Net Warriors","Shashan","1500000","0","137","Yash","Setter (Netty)","A","5000","675000","2026-09-28 16:00:30"
"Volleyball","24","Spike Warriors","Shrey","1500000","0","233","Adil","Back","A","5000","180000","2026-09-28 16:58:03"
"Volleyball","24","Spike Warriors","Shrey","1500000","0","112","Herit","Back","A","5000","250000","2026-09-28 16:08:55"
"Volleyball","24","Spike Warriors","Shrey","1500000","0","66","Het","Side Netty","A","5000","525000","2026-09-28 15:32:13"
"Volleyball","24","Spike Warriors","Shrey","1500000","0","108","Lucky","Back","A","5000","430000","2026-09-28 16:38:22"
"Volleyball","24","Spike Warriors","Shrey","1500000","0","223","Rachit","Back","A","5000","20000","2026-09-28 16:10:10"
"Volleyball","24","Spike Warriors","Shrey","1500000","0","145","Sam","Back","A","5000","95000","2026-09-28 16:26:28"
"Volleyball","27","Vedant Spikers","Vedant","1500000","0","166","Jainish","Back","A","5000","5000","2026-09-28 16:44:18"
"Volleyball","27","Vedant Spikers","Vedant","1500000","0","153","Moksh","Back","A","5000","300000","2026-09-28 16:33:28"
"Volleyball","27","Vedant Spikers","Vedant","1500000","0","193","Niyam","Back","A","5000","290000","2026-09-28 16:56:21"
"Volleyball","27","Vedant Spikers","Vedant","1500000","0","127","Rishi","Side Netty","A","5000","260000","2026-09-28 15:46:14"
"Volleyball","27","Vedant Spikers","Vedant","1500000","0","241","Tanish","Setter (Netty)","A","5000","400000","2026-09-28 15:58:18"
"Volleyball","27","Vedant Spikers","Vedant","1500000","0","115","Vedant","Side Netty","A","5000","240000","2026-09-28 15:40:11"
"Volleyball","27","Vedant Spikers","Vedant","1500000","0","251","Veer","Back","A","5000","5000","2026-09-28 16:39:44"
"Volleyball","31","Vortex Aces","Pratham","1500000","280000","208","Aadi","Back","A","5000","160000","2026-09-28 16:14:07"
"Volleyball","31","Vortex Aces","Pratham","1500000","280000","86","Arham","Back","A","5000","45000","2026-09-28 16:15:43"
"Volleyball","31","Vortex Aces","Pratham","1500000","280000","133","Devam","Side Netty","A","5000","320000","2026-09-28 15:35:17"
"Volleyball","31","Vortex Aces","Pratham","1500000","280000","13","Pal","Back","A","5000","85000","2026-09-28 16:24:09"
"Volleyball","31","Vortex Aces","Pratham","1500000","280000","218","Parth","Back","A","5000","5000","2026-09-28 16:58:16"
"Volleyball","31","Vortex Aces","Pratham","1500000","280000","149","Vandan","Back","A","5000","5000","2026-09-28 16:53:03"
"Volleyball","31","Vortex Aces","Pratham","1500000","280000","78","Yash","Libero (Centty)","A","5000","600000","2026-09-28 16:51:56"
"Volleyball","29","Vraj ke Veterans","Vraj","1500000","55000","158","Karan","Side Netty","A","5000","180000","2026-09-28 15:43:23"
"Volleyball","29","Vraj ke Veterans","Vraj","1500000","55000","58","Kavya","Side Netty","A","5000","5000","2026-09-28 15:47:13"
"Volleyball","29","Vraj ke Veterans","Vraj","1500000","55000","83","Kriyans","Setter (Netty)","A","5000","650000","2026-09-28 15:55:15"
"Volleyball","29","Vraj ke Veterans","Vraj","1500000","55000","246","Moksh","Libero (Centty)","A","5000","600000","2026-09-28 16:51:20"
"Volleyball","29","Vraj ke Veterans","Vraj","1500000","55000","94","Parth","Back","A","5000","5000","2026-09-28 16:53:57"
"Volleyball","29","Vraj ke Veterans","Vraj","1500000","55000","28","Vishrut","Back","A","5000","5000","2026-09-28 16:58:52"
